,adview
0,58
1,58
2,58
3,58
4,58
5,58
6,58
7,58
8,58
9,58
10,58
11,58
12,58
13,58
14,58
15,58
16,58
17,58
18,58
19,58
20,58
21,58
22,58
23,58
24,58
25,58
26,58
27,58
28,58
29,58
30,58
31,58
32,58
33,56
34,58
35,58
36,58
37,58
38,58
39,58
40,58
41,58
42,58
43,58
44,58
45,58
46,58
47,58
48,58
49,58
50,58
51,58
52,58
53,58
54,58
55,58
56,58
57,58
58,58
59,58
60,58
61,58
62,58
63,58
64,58
65,58
66,58
67,58
68,58
69,58
70,58
71,58
72,58
73,58
74,58
75,58
76,58
77,58
78,58
79,58
80,58
81,47
82,58
83,58
84,58
85,58
86,58
87,58
88,58
89,58
90,58
91,56
92,58
93,58
94,10
95,58
96,58
97,58
98,58
99,58
100,58
101,10
102,58
103,58
104,58
105,58
106,58
107,47
108,58
109,58
110,58
111,58
112,47
113,58
114,58
115,58
116,58
117,58
118,47
119,58
120,58
121,58
122,58
123,58
124,47
125,58
126,58
127,58
128,58
129,58
130,58
131,58
132,58
133,58
134,58
135,58
136,58
137,58
138,58
139,58
140,58
141,58
142,58
143,58
144,58
145,58
146,47
147,58
148,58
149,58
150,58
151,58
152,47
153,58
154,58
155,58
156,58
157,58
158,58
159,58
160,58
161,58
162,58
163,58
164,58
165,58
166,58
167,58
168,58
169,58
170,58
171,58
172,58
173,58
174,58
175,58
176,58
177,58
178,58
179,58
180,58
181,58
182,58
183,58
184,58
185,58
186,58
187,58
188,58
189,58
190,58
191,58
192,58
193,58
194,58
195,58
196,58
197,58
198,58
199,58
200,58
201,58
202,58
203,58
204,58
205,47
206,58
207,58
208,47
209,58
210,58
211,58
212,58
213,58
214,58
215,58
216,58
217,58
218,58
219,58
220,58
221,58
222,58
223,58
224,58
225,58
226,58
227,47
228,58
229,58
230,58
231,58
232,58
233,58
234,58
235,58
236,58
237,58
238,58
239,58
240,58
241,58
242,58
243,58
244,58
245,58
246,58
247,58
248,58
249,58
250,58
251,58
252,58
253,58
254,58
255,58
256,58
257,58
258,47
259,58
260,47
261,58
262,58
263,58
264,58
265,58
266,58
267,58
268,58
269,58
270,58
271,58
272,58
273,58
274,58
275,58
276,58
277,58
278,58
279,58
280,58
281,58
282,58
283,58
284,58
285,10
286,58
287,58
288,58
289,58
290,58
291,58
292,58
293,58
294,58
295,58
296,58
297,58
298,47
299,58
300,58
301,58
302,58
303,58
304,58
305,47
306,58
307,58
308,58
309,58
310,58
311,58
312,47
313,47
314,58
315,58
316,58
317,58
318,58
319,58
320,58
321,58
322,58
323,58
324,58
325,58
326,58
327,58
328,58
329,58
330,58
331,58
332,58
333,58
334,58
335,56
336,58
337,58
338,58
339,58
340,58
341,58
342,58
343,58
344,58
345,58
346,58
347,58
348,58
349,58
350,58
351,58
352,58
353,58
354,58
355,58
356,58
357,58
358,58
359,58
360,58
361,58
362,58
363,58
364,58
365,58
366,58
367,58
368,58
369,58
370,58
371,56
372,58
373,58
374,58
375,58
376,58
377,58
378,58
379,10
380,58
381,58
382,56
383,58
384,58
385,58
386,47
387,58
388,58
389,58
390,58
391,58
392,47
393,58
394,47
395,58
396,58
397,58
398,58
399,58
400,58
401,58
402,58
403,58
404,47
405,58
406,58
407,58
408,58
409,58
410,58
411,58
412,58
413,58
414,58
415,58
416,58
417,58
418,58
419,58
420,58
421,58
422,58
423,58
424,58
425,58
426,58
427,58
428,58
429,58
430,58
431,58
432,58
433,58
434,58
435,58
436,58
437,58
438,58
439,58
440,58
441,58
442,58
443,58
444,58
445,58
446,58
447,58
448,58
449,58
450,58
451,58
452,58
453,58
454,58
455,58
456,58
457,58
458,58
459,58
460,58
461,58
462,58
463,58
464,58
465,58
466,58
467,58
468,47
469,58
470,58
471,58
472,58
473,58
474,58
475,58
476,58
477,58
478,58
479,58
480,58
481,58
482,58
483,47
484,58
485,58
486,58
487,58
488,58
489,58
490,58
491,58
492,58
493,58
494,47
495,58
496,58
497,58
498,58
499,58
500,58
501,58
502,58
503,58
504,58
505,58
506,58
507,56
508,58
509,58
510,10
511,58
512,58
513,58
514,47
515,58
516,58
517,58
518,58
519,58
520,58
521,58
522,58
523,10
524,58
525,58
526,58
527,58
528,58
529,58
530,58
531,58
532,58
533,58
534,10
535,58
536,58
537,58
538,58
539,58
540,58
541,58
542,58
543,58
544,58
545,58
546,58
547,58
548,58
549,58
550,58
551,58
552,58
553,58
554,58
555,47
556,58
557,58
558,58
559,58
560,58
561,58
562,58
563,47
564,58
565,58
566,58
567,58
568,58
569,58
570,58
571,58
572,58
573,58
574,58
575,58
576,58
577,47
578,58
579,58
580,58
581,58
582,58
583,58
584,58
585,58
586,58
587,58
588,58
589,58
590,58
591,47
592,58
593,58
594,58
595,58
596,58
597,58
598,58
599,58
600,58
601,58
602,58
603,58
604,58
605,56
606,58
607,58
608,58
609,58
610,58
611,58
612,58
613,58
614,58
615,47
616,58
617,58
618,58
619,58
620,58
621,58
622,58
623,58
624,47
625,47
626,58
627,58
628,58
629,58
630,58
631,58
632,58
633,58
634,58
635,58
636,58
637,58
638,58
639,58
640,47
641,58
642,58
643,58
644,58
645,58
646,10
647,58
648,58
649,58
650,58
651,58
652,58
653,58
654,58
655,58
656,58
657,58
658,58
659,58
660,58
661,58
662,58
663,58
664,58
665,47
666,58
667,58
668,58
669,58
670,58
671,58
672,58
673,58
674,58
675,58
676,58
677,58
678,58
679,58
680,58
681,58
682,58
683,58
684,58
685,58
686,58
687,58
688,58
689,58
690,58
691,58
692,58
693,58
694,58
695,58
696,58
697,58
698,58
699,58
700,58
701,58
702,47
703,58
704,58
705,58
706,58
707,47
708,58
709,58
710,58
711,58
712,58
713,58
714,58
715,58
716,58
717,56
718,58
719,58
720,58
721,58
722,58
723,58
724,58
725,58
726,58
727,58
728,58
729,58
730,58
731,58
732,47
733,58
734,58
735,58
736,58
737,58
738,47
739,58
740,58
741,58
742,58
743,58
744,58
745,47
746,58
747,58
748,58
749,58
750,58
751,58
752,58
753,10
754,58
755,58
756,58
757,58
758,58
759,58
760,58
761,58
762,58
763,58
764,58
765,47
766,58
767,56
768,58
769,58
770,58
771,58
772,58
773,58
774,58
775,58
776,58
777,58
778,58
779,10
780,58
781,58
782,58
783,58
784,58
785,58
786,58
787,58
788,58
789,58
790,58
791,58
792,58
793,58
794,58
795,58
796,47
797,58
798,58
799,58
800,58
801,58
802,47
803,58
804,58
805,58
806,58
807,58
808,58
809,58
810,58
811,58
812,58
813,58
814,58
815,58
816,58
817,58
818,58
819,58
820,58
821,58
822,58
823,58
824,58
825,58
826,58
827,58
828,58
829,58
830,58
831,58
832,58
833,58
834,58
835,58
836,58
837,58
838,58
839,58
840,58
841,58
842,58
843,58
844,58
845,58
846,58
847,58
848,58
849,58
850,58
851,58
852,58
853,58
854,58
855,58
856,58
857,56
858,58
859,58
860,58
861,58
862,58
863,58
864,58
865,58
866,58
867,58
868,47
869,58
870,58
871,58
872,58
873,58
874,58
875,58
876,58
877,58
878,58
879,58
880,58
881,58
882,58
883,58
884,58
885,58
886,58
887,58
888,58
889,58
890,58
891,58
892,58
893,58
894,58
895,58
896,58
897,58
898,58
899,58
900,58
901,58
902,58
903,56
904,58
905,58
906,58
907,58
908,58
909,58
910,58
911,58
912,58
913,58
914,58
915,58
916,58
917,58
918,58
919,58
920,58
921,58
922,58
923,58
924,58
925,58
926,58
927,58
928,58
929,58
930,58
931,58
932,58
933,58
934,58
935,58
936,58
937,58
938,58
939,58
940,58
941,58
942,58
943,58
944,58
945,58
946,58
947,10
948,58
949,58
950,58
951,58
952,58
953,58
954,58
955,58
956,58
957,58
958,58
959,58
960,58
961,58
962,58
963,58
964,58
965,56
966,58
967,58
968,58
969,58
970,58
971,58
972,58
973,58
974,58
975,58
976,58
977,58
978,58
979,58
980,58
981,58
982,58
983,58
984,47
985,58
986,58
987,58
988,58
989,58
990,58
991,58
992,58
993,58
994,58
995,58
996,58
997,58
998,58
999,58
1000,47
1001,58
1002,58
1003,58
1004,58
1005,58
1006,58
1007,58
1008,58
1009,58
1010,58
1011,58
1012,58
1013,47
1014,58
1015,58
1016,58
1017,58
1018,58
1019,58
1020,58
1021,58
1022,58
1023,58
1024,58
1025,58
1026,58
1027,47
1028,10
1029,58
1030,58
1031,58
1032,58
1033,58
1034,58
1035,58
1036,58
1037,58
1038,58
1039,58
1040,58
1041,58
1042,58
1043,58
1044,58
1045,58
1046,58
1047,58
1048,58
1049,58
1050,58
1051,58
1052,58
1053,58
1054,47
1055,58
1056,58
1057,58
1058,58
1059,58
1060,58
1061,58
1062,58
1063,58
1064,58
1065,58
1066,58
1067,58
1068,58
1069,58
1070,58
1071,58
1072,58
1073,58
1074,58
1075,58
1076,58
1077,58
1078,58
1079,58
1080,58
1081,58
1082,58
1083,58
1084,58
1085,58
1086,58
1087,58
1088,58
1089,58
1090,47
1091,58
1092,58
1093,58
1094,58
1095,58
1096,58
1097,58
1098,58
1099,58
1100,47
1101,58
1102,58
1103,58
1104,58
1105,58
1106,58
1107,58
1108,58
1109,58
1110,58
1111,58
1112,58
1113,58
1114,58
1115,58
1116,58
1117,58
1118,58
1119,58
1120,58
1121,58
1122,58
1123,58
1124,58
1125,58
1126,58
1127,58
1128,10
1129,58
1130,58
1131,58
1132,58
1133,58
1134,58
1135,58
1136,58
1137,58
1138,47
1139,58
1140,58
1141,58
1142,58
1143,58
1144,58
1145,58
1146,58
1147,58
1148,58
1149,58
1150,58
1151,58
1152,58
1153,58
1154,58
1155,58
1156,58
1157,47
1158,58
1159,58
1160,47
1161,58
1162,58
1163,58
1164,58
1165,58
1166,58
1167,58
1168,58
1169,56
1170,58
1171,58
1172,58
1173,58
1174,58
1175,58
1176,58
1177,58
1178,58
1179,58
1180,58
1181,47
1182,58
1183,58
1184,58
1185,58
1186,58
1187,58
1188,58
1189,58
1190,58
1191,58
1192,58
1193,58
1194,58
1195,58
1196,58
1197,58
1198,58
1199,58
1200,58
1201,58
1202,58
1203,58
1204,58
1205,58
1206,58
1207,58
1208,58
1209,58
1210,47
1211,58
1212,58
1213,58
1214,58
1215,58
1216,58
1217,58
1218,58
1219,58
1220,58
1221,58
1222,10
1223,58
1224,47
1225,58
1226,58
1227,58
1228,58
1229,58
1230,58
1231,58
1232,58
1233,58
1234,58
1235,58
1236,58
1237,58
1238,58
1239,58
1240,58
1241,58
1242,58
1243,58
1244,58
1245,58
1246,58
1247,58
1248,58
1249,58
1250,58
1251,47
1252,58
1253,58
1254,58
1255,58
1256,58
1257,58
1258,58
1259,58
1260,58
1261,58
1262,58
1263,58
1264,58
1265,58
1266,58
1267,56
1268,58
1269,58
1270,58
1271,58
1272,58
1273,58
1274,58
1275,58
1276,58
1277,58
1278,56
1279,58
1280,58
1281,58
1282,47
1283,58
1284,58
1285,58
1286,58
1287,58
1288,58
1289,58
1290,58
1291,56
1292,58
1293,58
1294,58
1295,58
1296,58
1297,58
1298,58
1299,58
1300,58
1301,58
1302,58
1303,58
1304,58
1305,58
1306,58
1307,58
1308,58
1309,58
1310,58
1311,58
1312,58
1313,58
1314,58
1315,47
1316,58
1317,58
1318,58
1319,58
1320,58
1321,58
1322,58
1323,58
1324,58
1325,58
1326,58
1327,58
1328,58
1329,58
1330,58
1331,47
1332,58
1333,58
1334,58
1335,58
1336,58
1337,58
1338,58
1339,58
1340,58
1341,58
1342,58
1343,47
1344,58
1345,58
1346,58
1347,58
1348,58
1349,58
1350,58
1351,58
1352,58
1353,58
1354,58
1355,58
1356,58
1357,58
1358,58
1359,58
1360,58
1361,47
1362,58
1363,58
1364,58
1365,58
1366,58
1367,58
1368,58
1369,58
1370,58
1371,58
1372,58
1373,58
1374,58
1375,58
1376,58
1377,58
1378,58
1379,58
1380,58
1381,58
1382,58
1383,58
1384,58
1385,58
1386,58
1387,58
1388,58
1389,58
1390,58
1391,47
1392,47
1393,58
1394,58
1395,58
1396,58
1397,58
1398,58
1399,58
1400,10
1401,58
1402,58
1403,58
1404,58
1405,58
1406,58
1407,58
1408,58
1409,58
1410,58
1411,58
1412,58
1413,58
1414,58
1415,58
1416,58
1417,58
1418,58
1419,58
1420,58
1421,47
1422,58
1423,58
1424,58
1425,58
1426,58
1427,58
1428,58
1429,58
1430,58
1431,58
1432,58
1433,58
1434,58
1435,58
1436,58
1437,58
1438,58
1439,58
1440,58
1441,58
1442,58
1443,58
1444,58
1445,47
1446,58
1447,58
1448,58
1449,58
1450,58
1451,58
1452,58
1453,58
1454,58
1455,58
1456,58
1457,58
1458,58
1459,58
1460,58
1461,58
1462,58
1463,58
1464,47
1465,58
1466,58
1467,58
1468,58
1469,58
1470,58
1471,58
1472,58
1473,58
1474,58
1475,58
1476,58
1477,58
1478,47
1479,58
1480,58
1481,58
1482,58
1483,58
1484,58
1485,58
1486,58
1487,58
1488,58
1489,3
1490,58
1491,58
1492,58
1493,58
1494,58
1495,58
1496,58
1497,58
1498,58
1499,58
1500,58
1501,58
1502,58
1503,58
1504,47
1505,58
1506,58
1507,58
1508,58
1509,58
1510,58
1511,58
1512,58
1513,58
1514,58
1515,58
1516,58
1517,58
1518,58
1519,58
1520,58
1521,58
1522,58
1523,58
1524,58
1525,47
1526,58
1527,58
1528,58
1529,58
1530,58
1531,58
1532,58
1533,58
1534,58
1535,47
1536,56
1537,58
1538,58
1539,58
1540,58
1541,58
1542,58
1543,58
1544,58
1545,58
1546,58
1547,56
1548,58
1549,58
1550,58
1551,58
1552,58
1553,58
1554,58
1555,58
1556,58
1557,58
1558,58
1559,58
1560,58
1561,58
1562,58
1563,58
1564,58
1565,58
1566,58
1567,58
1568,58
1569,58
1570,58
1571,58
1572,58
1573,58
1574,58
1575,58
1576,58
1577,58
1578,58
1579,58
1580,58
1581,58
1582,58
1583,58
1584,58
1585,58
1586,58
1587,58
1588,58
1589,58
1590,58
1591,58
1592,58
1593,58
1594,47
1595,58
1596,58
1597,58
1598,58
1599,58
1600,58
1601,58
1602,58
1603,58
1604,58
1605,58
1606,58
1607,58
1608,58
1609,58
1610,56
1611,3
1612,58
1613,58
1614,58
1615,58
1616,58
1617,58
1618,58
1619,58
1620,58
1621,58
1622,58
1623,58
1624,58
1625,58
1626,58
1627,58
1628,58
1629,58
1630,58
1631,58
1632,58
1633,58
1634,58
1635,58
1636,58
1637,58
1638,58
1639,58
1640,58
1641,58
1642,58
1643,10
1644,58
1645,58
1646,58
1647,10
1648,58
1649,58
1650,58
1651,58
1652,58
1653,58
1654,58
1655,58
1656,58
1657,58
1658,47
1659,58
1660,58
1661,58
1662,58
1663,58
1664,58
1665,58
1666,58
1667,58
1668,58
1669,58
1670,58
1671,56
1672,58
1673,58
1674,58
1675,58
1676,58
1677,58
1678,58
1679,58
1680,10
1681,58
1682,58
1683,58
1684,58
1685,58
1686,58
1687,58
1688,58
1689,47
1690,58
1691,58
1692,58
1693,58
1694,58
1695,58
1696,58
1697,58
1698,58
1699,58
1700,58
1701,58
1702,58
1703,58
1704,58
1705,58
1706,58
1707,58
1708,47
1709,58
1710,58
1711,58
1712,58
1713,58
1714,58
1715,58
1716,58
1717,47
1718,58
1719,58
1720,58
1721,58
1722,58
1723,58
1724,58
1725,58
1726,58
1727,47
1728,58
1729,58
1730,58
1731,58
1732,58
1733,58
1734,58
1735,58
1736,47
1737,58
1738,58
1739,58
1740,58
1741,58
1742,58
1743,58
1744,58
1745,58
1746,58
1747,58
1748,58
1749,58
1750,58
1751,58
1752,58
1753,58
1754,58
1755,58
1756,58
1757,58
1758,58
1759,58
1760,58
1761,56
1762,58
1763,58
1764,58
1765,58
1766,58
1767,58
1768,58
1769,58
1770,58
1771,58
1772,58
1773,58
1774,58
1775,58
1776,58
1777,58
1778,58
1779,58
1780,58
1781,58
1782,58
1783,47
1784,58
1785,58
1786,58
1787,58
1788,58
1789,58
1790,58
1791,58
1792,58
1793,58
1794,58
1795,58
1796,58
1797,58
1798,58
1799,58
1800,58
1801,58
1802,58
1803,58
1804,58
1805,58
1806,58
1807,58
1808,58
1809,58
1810,58
1811,58
1812,58
1813,58
1814,58
1815,58
1816,58
1817,58
1818,58
1819,58
1820,58
1821,58
1822,58
1823,58
1824,58
1825,58
1826,58
1827,58
1828,58
1829,58
1830,58
1831,58
1832,58
1833,58
1834,58
1835,47
1836,58
1837,58
1838,58
1839,58
1840,58
1841,58
1842,58
1843,58
1844,58
1845,58
1846,58
1847,58
1848,58
1849,58
1850,58
1851,47
1852,58
1853,58
1854,58
1855,58
1856,58
1857,58
1858,58
1859,58
1860,58
1861,58
1862,58
1863,58
1864,58
1865,58
1866,58
1867,58
1868,58
1869,58
1870,58
1871,58
1872,58
1873,58
1874,58
1875,58
1876,58
1877,58
1878,58
1879,58
1880,58
1881,58
1882,58
1883,58
1884,58
1885,47
1886,58
1887,58
1888,58
1889,10
1890,58
1891,58
1892,58
1893,58
1894,58
1895,58
1896,58
1897,58
1898,58
1899,58
1900,47
1901,58
1902,58
1903,58
1904,58
1905,58
1906,58
1907,58
1908,58
1909,58
1910,58
1911,58
1912,58
1913,58
1914,58
1915,58
1916,58
1917,58
1918,58
1919,47
1920,58
1921,58
1922,58
1923,58
1924,58
1925,58
1926,58
1927,58
1928,47
1929,58
1930,58
1931,58
1932,58
1933,58
1934,58
1935,58
1936,58
1937,56
1938,58
1939,58
1940,58
1941,47
1942,58
1943,58
1944,58
1945,58
1946,58
1947,58
1948,58
1949,58
1950,58
1951,58
1952,58
1953,58
1954,58
1955,58
1956,58
1957,58
1958,58
1959,58
1960,58
1961,58
1962,58
1963,58
1964,58
1965,58
1966,58
1967,58
1968,58
1969,58
1970,58
1971,58
1972,58
1973,58
1974,58
1975,47
1976,58
1977,58
1978,58
1979,58
1980,58
1981,58
1982,58
1983,58
1984,10
1985,58
1986,58
1987,58
1988,58
1989,58
1990,58
1991,58
1992,58
1993,58
1994,58
1995,58
1996,58
1997,58
1998,58
1999,58
2000,58
2001,58
2002,58
2003,58
2004,58
2005,58
2006,58
2007,58
2008,58
2009,58
2010,58
2011,58
2012,58
2013,58
2014,58
2015,58
2016,58
2017,58
2018,47
2019,58
2020,58
2021,58
2022,58
2023,58
2024,58
2025,47
2026,58
2027,58
2028,58
2029,58
2030,58
2031,58
2032,58
2033,58
2034,58
2035,58
2036,58
2037,58
2038,58
2039,58
2040,58
2041,58
2042,58
2043,58
2044,58
2045,58
2046,58
2047,47
2048,58
2049,58
2050,58
2051,58
2052,58
2053,58
2054,58
2055,58
2056,58
2057,58
2058,58
2059,58
2060,58
2061,58
2062,47
2063,56
2064,58
2065,58
2066,58
2067,58
2068,58
2069,58
2070,58
2071,58
2072,58
2073,56
2074,58
2075,58
2076,58
2077,58
2078,56
2079,58
2080,58
2081,56
2082,58
2083,58
2084,58
2085,58
2086,58
2087,58
2088,58
2089,58
2090,58
2091,58
2092,58
2093,58
2094,58
2095,58
2096,58
2097,58
2098,58
2099,58
2100,58
2101,58
2102,58
2103,58
2104,58
2105,58
2106,58
2107,58
2108,58
2109,58
2110,58
2111,58
2112,58
2113,58
2114,58
2115,58
2116,58
2117,58
2118,58
2119,58
2120,58
2121,58
2122,58
2123,58
2124,58
2125,47
2126,58
2127,58
2128,58
2129,58
2130,58
2131,58
2132,58
2133,58
2134,58
2135,58
2136,58
2137,58
2138,58
2139,58
2140,58
2141,58
2142,58
2143,58
2144,47
2145,58
2146,58
2147,58
2148,58
2149,58
2150,58
2151,58
2152,10
2153,58
2154,58
2155,58
2156,58
2157,58
2158,58
2159,58
2160,58
2161,58
2162,58
2163,58
2164,58
2165,58
2166,58
2167,58
2168,58
2169,58
2170,58
2171,58
2172,58
2173,58
2174,58
2175,58
2176,58
2177,58
2178,58
2179,58
2180,58
2181,58
2182,58
2183,58
2184,58
2185,58
2186,58
2187,58
2188,58
2189,58
2190,58
2191,58
2192,58
2193,58
2194,58
2195,58
2196,58
2197,58
2198,58
2199,58
2200,58
2201,58
2202,58
2203,58
2204,47
2205,58
2206,58
2207,58
2208,58
2209,58
2210,58
2211,58
2212,58
2213,58
2214,47
2215,58
2216,58
2217,58
2218,58
2219,58
2220,58
2221,58
2222,58
2223,58
2224,58
2225,58
2226,58
2227,58
2228,10
2229,58
2230,58
2231,58
2232,47
2233,58
2234,58
2235,58
2236,58
2237,58
2238,58
2239,58
2240,58
2241,58
2242,58
2243,58
2244,58
2245,58
2246,47
2247,58
2248,47
2249,58
2250,58
2251,58
2252,58
2253,58
2254,58
2255,58
2256,58
2257,58
2258,58
2259,58
2260,58
2261,58
2262,58
2263,58
2264,58
2265,58
2266,58
2267,58
2268,58
2269,58
2270,58
2271,58
2272,58
2273,58
2274,58
2275,58
2276,58
2277,58
2278,58
2279,58
2280,58
2281,58
2282,58
2283,58
2284,58
2285,58
2286,58
2287,58
2288,58
2289,58
2290,58
2291,58
2292,58
2293,58
2294,58
2295,58
2296,58
2297,58
2298,58
2299,58
2300,10
2301,58
2302,58
2303,58
2304,58
2305,58
2306,58
2307,58
2308,58
2309,58
2310,58
2311,58
2312,58
2313,58
2314,58
2315,58
2316,58
2317,58
2318,58
2319,58
2320,58
2321,58
2322,58
2323,58
2324,58
2325,58
2326,58
2327,58
2328,58
2329,58
2330,58
2331,58
2332,58
2333,58
2334,58
2335,58
2336,58
2337,58
2338,58
2339,58
2340,58
2341,58
2342,58
2343,58
2344,58
2345,58
2346,58
2347,47
2348,58
2349,47
2350,58
2351,58
2352,58
2353,58
2354,58
2355,58
2356,58
2357,58
2358,58
2359,58
2360,58
2361,47
2362,58
2363,58
2364,58
2365,58
2366,58
2367,10
2368,58
2369,58
2370,58
2371,58
2372,58
2373,58
2374,58
2375,58
2376,58
2377,58
2378,58
2379,58
2380,58
2381,58
2382,58
2383,58
2384,58
2385,58
2386,58
2387,58
2388,58
2389,58
2390,58
2391,58
2392,58
2393,58
2394,58
2395,58
2396,58
2397,58
2398,58
2399,58
2400,58
2401,58
2402,58
2403,58
2404,58
2405,47
2406,58
2407,58
2408,58
2409,58
2410,58
2411,58
2412,58
2413,58
2414,58
2415,58
2416,58
2417,58
2418,58
2419,58
2420,58
2421,58
2422,10
2423,58
2424,58
2425,58
2426,58
2427,58
2428,58
2429,58
2430,58
2431,58
2432,58
2433,58
2434,58
2435,58
2436,58
2437,58
2438,58
2439,58
2440,58
2441,58
2442,58
2443,58
2444,58
2445,58
2446,58
2447,58
2448,58
2449,58
2450,58
2451,47
2452,58
2453,58
2454,58
2455,58
2456,58
2457,58
2458,58
2459,58
2460,58
2461,58
2462,58
2463,47
2464,58
2465,58
2466,58
2467,47
2468,58
2469,58
2470,58
2471,58
2472,58
2473,58
2474,58
2475,58
2476,58
2477,58
2478,58
2479,58
2480,58
2481,58
2482,58
2483,58
2484,58
2485,58
2486,58
2487,58
2488,10
2489,58
2490,58
2491,58
2492,58
2493,58
2494,58
2495,10
2496,58
2497,56
2498,58
2499,3
2500,58
2501,58
2502,58
2503,58
2504,58
2505,58
2506,58
2507,58
2508,58
2509,58
2510,58
2511,58
2512,58
2513,58
2514,58
2515,58
2516,58
2517,47
2518,58
2519,58
2520,58
2521,58
2522,58
2523,58
2524,58
2525,58
2526,47
2527,58
2528,58
2529,58
2530,58
2531,58
2532,58
2533,58
2534,58
2535,58
2536,58
2537,58
2538,58
2539,58
2540,58
2541,47
2542,47
2543,58
2544,58
2545,58
2546,58
2547,58
2548,58
2549,58
2550,58
2551,58
2552,58
2553,58
2554,58
2555,58
2556,58
2557,58
2558,58
2559,58
2560,58
2561,58
2562,58
2563,58
2564,58
2565,58
2566,58
2567,58
2568,58
2569,58
2570,58
2571,58
2572,58
2573,58
2574,58
2575,58
2576,58
2577,58
2578,58
2579,58
2580,58
2581,58
2582,58
2583,58
2584,58
2585,58
2586,58
2587,58
2588,58
2589,58
2590,58
2591,58
2592,58
2593,58
2594,58
2595,58
2596,58
2597,58
2598,58
2599,58
2600,58
2601,58
2602,58
2603,47
2604,58
2605,58
2606,58
2607,58
2608,58
2609,58
2610,58
2611,3
2612,58
2613,58
2614,58
2615,58
2616,58
2617,58
2618,58
2619,58
2620,58
2621,58
2622,58
2623,58
2624,58
2625,58
2626,58
2627,58
2628,58
2629,58
2630,58
2631,58
2632,47
2633,47
2634,58
2635,58
2636,58
2637,3
2638,58
2639,58
2640,58
2641,58
2642,58
2643,58
2644,58
2645,58
2646,58
2647,58
2648,58
2649,58
2650,47
2651,58
2652,58
2653,58
2654,58
2655,58
2656,58
2657,58
2658,58
2659,58
2660,58
2661,58
2662,58
2663,58
2664,58
2665,58
2666,58
2667,58
2668,58
2669,58
2670,58
2671,3
2672,58
2673,58
2674,10
2675,58
2676,58
2677,58
2678,58
2679,58
2680,47
2681,47
2682,58
2683,58
2684,58
2685,58
2686,58
2687,58
2688,58
2689,58
2690,56
2691,58
2692,58
2693,58
2694,58
2695,58
2696,58
2697,58
2698,58
2699,58
2700,58
2701,58
2702,58
2703,58
2704,58
2705,58
2706,58
2707,58
2708,58
2709,58
2710,58
2711,58
2712,58
2713,58
2714,58
2715,58
2716,58
2717,58
2718,58
2719,58
2720,58
2721,58
2722,58
2723,58
2724,58
2725,58
2726,58
2727,58
2728,58
2729,58
2730,58
2731,58
2732,58
2733,58
2734,58
2735,58
2736,58
2737,58
2738,58
2739,58
2740,58
2741,58
2742,58
2743,58
2744,58
2745,58
2746,58
2747,58
2748,58
2749,58
2750,58
2751,58
2752,58
2753,58
2754,58
2755,58
2756,58
2757,47
2758,58
2759,58
2760,58
2761,58
2762,58
2763,58
2764,58
2765,58
2766,58
2767,58
2768,58
2769,58
2770,58
2771,58
2772,58
2773,58
2774,58
2775,58
2776,58
2777,58
2778,58
2779,58
2780,58
2781,56
2782,58
2783,58
2784,58
2785,58
2786,58
2787,58
2788,58
2789,58
2790,58
2791,58
2792,58
2793,58
2794,58
2795,58
2796,58
2797,58
2798,58
2799,58
2800,58
2801,58
2802,58
2803,58
2804,58
2805,58
2806,58
2807,10
2808,58
2809,58
2810,58
2811,58
2812,58
2813,58
2814,3
2815,58
2816,58
2817,58
2818,58
2819,58
2820,58
2821,58
2822,58
2823,58
2824,58
2825,58
2826,58
2827,10
2828,58
2829,58
2830,58
2831,58
2832,58
2833,58
2834,58
2835,58
2836,58
2837,58
2838,58
2839,58
2840,58
2841,58
2842,58
2843,58
2844,58
2845,58
2846,58
2847,58
2848,58
2849,58
2850,58
2851,58
2852,58
2853,58
2854,58
2855,58
2856,58
2857,58
2858,58
2859,58
2860,58
2861,58
2862,58
2863,58
2864,58
2865,58
2866,58
2867,58
2868,58
2869,58
2870,56
2871,58
2872,58
2873,58
2874,58
2875,58
2876,58
2877,58
2878,58
2879,58
2880,47
2881,58
2882,58
2883,58
2884,58
2885,58
2886,58
2887,58
2888,58
2889,58
2890,58
2891,58
2892,58
2893,58
2894,58
2895,58
2896,58
2897,58
2898,58
2899,58
2900,58
2901,58
2902,58
2903,58
2904,58
2905,58
2906,58
2907,58
2908,58
2909,58
2910,58
2911,58
2912,58
2913,58
2914,58
2915,58
2916,58
2917,58
2918,58
2919,58
2920,58
2921,58
2922,58
2923,58
2924,47
2925,58
2926,58
2927,58
2928,58
2929,58
2930,58
2931,58
2932,58
2933,58
2934,58
2935,58
2936,58
2937,58
2938,58
2939,58
2940,58
2941,58
2942,58
2943,58
2944,58
2945,58
2946,58
2947,58
2948,58
2949,58
2950,58
2951,58
2952,58
2953,58
2954,58
2955,58
2956,58
2957,58
2958,58
2959,58
2960,58
2961,58
2962,58
2963,58
2964,58
2965,58
2966,58
2967,58
2968,58
2969,58
2970,58
2971,47
2972,58
2973,58
2974,58
2975,58
2976,58
2977,58
2978,58
2979,58
2980,58
2981,58
2982,58
2983,58
2984,58
2985,58
2986,58
2987,58
2988,58
2989,58
2990,58
2991,58
2992,58
2993,58
2994,58
2995,58
2996,47
2997,58
2998,58
2999,58
3000,58
3001,58
3002,58
3003,58
3004,58
3005,58
3006,58
3007,58
3008,58
3009,58
3010,58
3011,58
3012,58
3013,58
3014,58
3015,58
3016,58
3017,58
3018,58
3019,58
3020,58
3021,58
3022,58
3023,58
3024,58
3025,58
3026,58
3027,58
3028,58
3029,47
3030,58
3031,58
3032,58
3033,58
3034,58
3035,58
3036,58
3037,58
3038,58
3039,58
3040,58
3041,58
3042,58
3043,58
3044,58
3045,58
3046,58
3047,58
3048,58
3049,58
3050,58
3051,58
3052,58
3053,58
3054,58
3055,58
3056,58
3057,58
3058,58
3059,58
3060,58
3061,58
3062,58
3063,58
3064,58
3065,58
3066,58
3067,58
3068,58
3069,58
3070,58
3071,58
3072,58
3073,58
3074,58
3075,58
3076,58
3077,58
3078,58
3079,58
3080,58
3081,58
3082,58
3083,58
3084,58
3085,58
3086,58
3087,56
3088,58
3089,58
3090,58
3091,58
3092,58
3093,58
3094,58
3095,58
3096,58
3097,58
3098,58
3099,58
3100,58
3101,58
3102,58
3103,58
3104,58
3105,58
3106,58
3107,58
3108,58
3109,58
3110,58
3111,56
3112,58
3113,58
3114,47
3115,58
3116,58
3117,58
3118,58
3119,58
3120,58
3121,58
3122,58
3123,58
3124,58
3125,58
3126,58
3127,58
3128,58
3129,58
3130,58
3131,58
3132,58
3133,58
3134,58
3135,58
3136,58
3137,58
3138,58
3139,56
3140,58
3141,58
3142,58
3143,58
3144,58
3145,58
3146,58
3147,58
3148,58
3149,10
3150,58
3151,58
3152,58
3153,58
3154,58
3155,58
3156,58
3157,58
3158,58
3159,58
3160,58
3161,58
3162,58
3163,58
3164,58
3165,58
3166,58
3167,58
3168,58
3169,56
3170,58
3171,58
3172,58
3173,58
3174,58
3175,58
3176,58
3177,58
3178,58
3179,58
3180,58
3181,58
3182,58
3183,58
3184,58
3185,58
3186,58
3187,58
3188,58
3189,58
3190,58
3191,58
3192,58
3193,58
3194,58
3195,58
3196,58
3197,58
3198,58
3199,58
3200,58
3201,58
3202,58
3203,47
3204,58
3205,47
3206,58
3207,58
3208,58
3209,58
3210,58
3211,58
3212,58
3213,58
3214,58
3215,58
3216,58
3217,58
3218,58
3219,58
3220,58
3221,58
3222,47
3223,58
3224,58
3225,58
3226,58
3227,58
3228,58
3229,58
3230,58
3231,58
3232,47
3233,58
3234,58
3235,58
3236,58
3237,58
3238,58
3239,58
3240,58
3241,58
3242,58
3243,58
3244,58
3245,58
3246,58
3247,58
3248,58
3249,58
3250,58
3251,58
3252,58
3253,58
3254,58
3255,58
3256,58
3257,58
3258,58
3259,58
3260,58
3261,58
3262,47
3263,58
3264,58
3265,58
3266,58
3267,58
3268,47
3269,58
3270,58
3271,58
3272,58
3273,58
3274,58
3275,58
3276,58
3277,58
3278,58
3279,58
3280,58
3281,58
3282,58
3283,58
3284,58
3285,58
3286,58
3287,58
3288,58
3289,58
3290,58
3291,58
3292,58
3293,58
3294,58
3295,58
3296,58
3297,58
3298,58
3299,58
3300,58
3301,58
3302,58
3303,58
3304,58
3305,58
3306,58
3307,58
3308,58
3309,58
3310,58
3311,58
3312,58
3313,58
3314,58
3315,58
3316,58
3317,58
3318,58
3319,58
3320,58
3321,58
3322,58
3323,58
3324,58
3325,58
3326,58
3327,58
3328,58
3329,58
3330,58
3331,58
3332,58
3333,58
3334,58
3335,58
3336,58
3337,58
3338,58
3339,58
3340,58
3341,58
3342,58
3343,58
3344,58
3345,58
3346,58
3347,58
3348,58
3349,58
3350,58
3351,58
3352,58
3353,58
3354,58
3355,58
3356,58
3357,58
3358,58
3359,58
3360,58
3361,58
3362,58
3363,58
3364,58
3365,58
3366,10
3367,58
3368,58
3369,58
3370,58
3371,58
3372,58
3373,58
3374,58
3375,58
3376,58
3377,58
3378,58
3379,58
3380,58
3381,58
3382,58
3383,58
3384,58
3385,58
3386,58
3387,58
3388,58
3389,58
3390,58
3391,58
3392,58
3393,58
3394,58
3395,58
3396,58
3397,58
3398,58
3399,58
3400,58
3401,58
3402,58
3403,58
3404,58
3405,58
3406,58
3407,58
3408,58
3409,56
3410,58
3411,58
3412,58
3413,58
3414,58
3415,58
3416,58
3417,47
3418,58
3419,58
3420,58
3421,58
3422,58
3423,58
3424,58
3425,58
3426,47
3427,47
3428,58
3429,58
3430,58
3431,58
3432,58
3433,58
3434,58
3435,58
3436,58
3437,58
3438,58
3439,58
3440,58
3441,58
3442,58
3443,58
3444,58
3445,58
3446,58
3447,58
3448,58
3449,58
3450,58
3451,58
3452,58
3453,58
3454,58
3455,58
3456,58
3457,58
3458,58
3459,58
3460,58
3461,58
3462,58
3463,58
3464,58
3465,47
3466,58
3467,58
3468,58
3469,58
3470,58
3471,58
3472,58
3473,58
3474,58
3475,58
3476,58
3477,58
3478,58
3479,58
3480,3
3481,58
3482,58
3483,58
3484,58
3485,58
3486,58
3487,58
3488,58
3489,58
3490,58
3491,58
3492,58
3493,58
3494,56
3495,58
3496,58
3497,58
3498,58
3499,58
3500,58
3501,58
3502,58
3503,58
3504,58
3505,58
3506,58
3507,58
3508,58
3509,58
3510,58
3511,58
3512,58
3513,58
3514,58
3515,58
3516,58
3517,58
3518,58
3519,58
3520,58
3521,3
3522,58
3523,47
3524,58
3525,58
3526,58
3527,58
3528,58
3529,58
3530,58
3531,58
3532,58
3533,58
3534,58
3535,58
3536,58
3537,58
3538,58
3539,58
3540,58
3541,58
3542,58
3543,58
3544,58
3545,58
3546,58
3547,58
3548,58
3549,58
3550,58
3551,58
3552,58
3553,58
3554,58
3555,58
3556,58
3557,58
3558,58
3559,58
3560,58
3561,58
3562,47
3563,58
3564,58
3565,58
3566,58
3567,58
3568,58
3569,58
3570,58
3571,58
3572,58
3573,58
3574,58
3575,58
3576,58
3577,58
3578,58
3579,58
3580,58
3581,58
3582,58
3583,58
3584,58
3585,58
3586,58
3587,58
3588,58
3589,58
3590,58
3591,58
3592,58
3593,58
3594,58
3595,58
3596,58
3597,58
3598,58
3599,58
3600,58
3601,58
3602,58
3603,58
3604,58
3605,58
3606,58
3607,58
3608,58
3609,58
3610,58
3611,58
3612,58
3613,58
3614,58
3615,58
3616,58
3617,58
3618,58
3619,58
3620,58
3621,58
3622,58
3623,58
3624,58
3625,58
3626,58
3627,58
3628,58
3629,58
3630,58
3631,58
3632,58
3633,58
3634,58
3635,58
3636,58
3637,58
3638,58
3639,58
3640,58
3641,58
3642,58
3643,58
3644,58
3645,58
3646,58
3647,58
3648,58
3649,58
3650,58
3651,58
3652,58
3653,58
3654,58
3655,58
3656,58
3657,58
3658,58
3659,58
3660,58
3661,58
3662,58
3663,58
3664,58
3665,58
3666,58
3667,58
3668,58
3669,58
3670,58
3671,58
3672,58
3673,58
3674,58
3675,58
3676,58
3677,58
3678,58
3679,58
3680,58
3681,58
3682,47
3683,58
3684,58
3685,58
3686,58
3687,58
3688,58
3689,58
3690,58
3691,58
3692,58
3693,58
3694,58
3695,58
3696,58
3697,58
3698,58
3699,58
3700,58
3701,58
3702,58
3703,58
3704,58
3705,58
3706,58
3707,58
3708,58
3709,58
3710,58
3711,47
3712,58
3713,58
3714,58
3715,58
3716,58
3717,58
3718,47
3719,58
3720,58
3721,58
3722,58
3723,47
3724,58
3725,58
3726,58
3727,58
3728,58
3729,58
3730,58
3731,58
3732,58
3733,47
3734,58
3735,58
3736,58
3737,58
3738,58
3739,58
3740,58
3741,58
3742,58
3743,58
3744,58
3745,58
3746,58
3747,58
3748,58
3749,3
3750,58
3751,58
3752,47
3753,58
3754,47
3755,58
3756,58
3757,58
3758,58
3759,58
3760,58
3761,58
3762,58
3763,58
3764,58
3765,58
3766,58
3767,58
3768,58
3769,58
3770,58
3771,47
3772,58
3773,58
3774,58
3775,58
3776,58
3777,58
3778,58
3779,58
3780,58
3781,58
3782,58
3783,58
3784,58
3785,58
3786,58
3787,47
3788,58
3789,58
3790,58
3791,58
3792,58
3793,58
3794,58
3795,58
3796,58
3797,58
3798,58
3799,58
3800,58
3801,58
3802,58
3803,58
3804,58
3805,58
3806,58
3807,58
3808,47
3809,58
3810,58
3811,58
3812,58
3813,58
3814,58
3815,58
3816,58
3817,58
3818,58
3819,58
3820,58
3821,58
3822,58
3823,58
3824,58
3825,58
3826,58
3827,58
3828,58
3829,58
3830,58
3831,58
3832,58
3833,58
3834,58
3835,58
3836,58
3837,58
3838,58
3839,58
3840,58
3841,58
3842,58
3843,58
3844,58
3845,58
3846,58
3847,58
3848,58
3849,58
3850,58
3851,58
3852,58
3853,58
3854,58
3855,58
3856,58
3857,58
3858,58
3859,58
3860,58
3861,58
3862,58
3863,58
3864,58
3865,58
3866,58
3867,58
3868,58
3869,58
3870,58
3871,58
3872,58
3873,58
3874,58
3875,58
3876,58
3877,58
3878,58
3879,58
3880,47
3881,58
3882,58
3883,58
3884,58
3885,58
3886,58
3887,58
3888,58
3889,58
3890,58
3891,58
3892,58
3893,58
3894,58
3895,47
3896,58
3897,47
3898,58
3899,58
3900,58
3901,58
3902,58
3903,58
3904,58
3905,58
3906,58
3907,58
3908,58
3909,58
3910,58
3911,58
3912,58
3913,58
3914,58
3915,58
3916,58
3917,58
3918,58
3919,58
3920,58
3921,58
3922,58
3923,58
3924,58
3925,58
3926,58
3927,58
3928,58
3929,58
3930,58
3931,58
3932,58
3933,58
3934,58
3935,58
3936,58
3937,58
3938,58
3939,58
3940,58
3941,58
3942,58
3943,58
3944,58
3945,58
3946,58
3947,58
3948,58
3949,58
3950,58
3951,58
3952,58
3953,58
3954,58
3955,58
3956,58
3957,58
3958,58
3959,58
3960,58
3961,47
3962,47
3963,58
3964,58
3965,58
3966,58
3967,58
3968,58
3969,3
3970,58
3971,58
3972,58
3973,58
3974,58
3975,58
3976,58
3977,58
3978,58
3979,58
3980,58
3981,58
3982,58
3983,58
3984,58
3985,58
3986,58
3987,58
3988,58
3989,58
3990,58
3991,58
3992,58
3993,58
3994,58
3995,58
3996,58
3997,58
3998,58
3999,58
4000,58
4001,58
4002,58
4003,58
4004,58
4005,58
4006,58
4007,58
4008,56
4009,58
4010,58
4011,58
4012,58
4013,58
4014,58
4015,58
4016,47
4017,58
4018,58
4019,58
4020,58
4021,58
4022,58
4023,58
4024,58
4025,58
4026,58
4027,58
4028,58
4029,58
4030,58
4031,58
4032,58
4033,58
4034,58
4035,58
4036,58
4037,58
4038,58
4039,58
4040,58
4041,58
4042,47
4043,58
4044,58
4045,58
4046,58
4047,58
4048,58
4049,58
4050,58
4051,58
4052,58
4053,58
4054,58
4055,58
4056,58
4057,58
4058,58
4059,58
4060,58
4061,58
4062,58
4063,58
4064,58
4065,58
4066,58
4067,58
4068,58
4069,58
4070,58
4071,58
4072,58
4073,58
4074,58
4075,58
4076,58
4077,58
4078,58
4079,58
4080,58
4081,58
4082,58
4083,58
4084,58
4085,58
4086,58
4087,58
4088,58
4089,58
4090,58
4091,58
4092,58
4093,58
4094,58
4095,58
4096,58
4097,58
4098,58
4099,58
4100,58
4101,58
4102,58
4103,58
4104,58
4105,47
4106,58
4107,58
4108,58
4109,58
4110,58
4111,58
4112,58
4113,58
4114,58
4115,58
4116,58
4117,58
4118,47
4119,58
4120,58
4121,58
4122,58
4123,58
4124,58
4125,58
4126,58
4127,58
4128,58
4129,58
4130,58
4131,58
4132,58
4133,58
4134,58
4135,58
4136,58
4137,58
4138,58
4139,58
4140,58
4141,58
4142,58
4143,58
4144,58
4145,58
4146,58
4147,58
4148,58
4149,58
4150,58
4151,58
4152,58
4153,58
4154,58
4155,58
4156,58
4157,58
4158,58
4159,58
4160,47
4161,3
4162,58
4163,58
4164,58
4165,58
4166,58
4167,58
4168,58
4169,58
4170,58
4171,58
4172,58
4173,58
4174,58
4175,58
4176,58
4177,58
4178,58
4179,58
4180,58
4181,58
4182,58
4183,58
4184,58
4185,58
4186,58
4187,58
4188,58
4189,58
4190,58
4191,58
4192,58
4193,58
4194,58
4195,58
4196,58
4197,58
4198,58
4199,58
4200,58
4201,58
4202,58
4203,58
4204,58
4205,58
4206,58
4207,58
4208,58
4209,58
4210,58
4211,58
4212,58
4213,58
4214,58
4215,58
4216,58
4217,58
4218,58
4219,3
4220,58
4221,58
4222,58
4223,58
4224,58
4225,58
4226,58
4227,58
4228,58
4229,58
4230,58
4231,58
4232,58
4233,58
4234,58
4235,58
4236,58
4237,58
4238,58
4239,58
4240,58
4241,58
4242,10
4243,58
4244,58
4245,58
4246,58
4247,58
4248,58
4249,47
4250,58
4251,58
4252,58
4253,58
4254,47
4255,58
4256,58
4257,58
4258,58
4259,58
4260,58
4261,47
4262,58
4263,58
4264,58
4265,58
4266,58
4267,58
4268,58
4269,58
4270,58
4271,58
4272,58
4273,58
4274,58
4275,58
4276,58
4277,58
4278,58
4279,58
4280,58
4281,58
4282,58
4283,58
4284,58
4285,10
4286,47
4287,58
4288,58
4289,58
4290,58
4291,47
4292,58
4293,58
4294,56
4295,10
4296,58
4297,58
4298,58
4299,58
4300,58
4301,58
4302,58
4303,58
4304,58
4305,56
4306,58
4307,58
4308,58
4309,58
4310,58
4311,58
4312,58
4313,58
4314,58
4315,58
4316,58
4317,58
4318,58
4319,58
4320,58
4321,58
4322,58
4323,58
4324,58
4325,58
4326,58
4327,58
4328,58
4329,58
4330,58
4331,58
4332,58
4333,58
4334,58
4335,58
4336,58
4337,58
4338,58
4339,58
4340,58
4341,56
4342,58
4343,58
4344,58
4345,58
4346,58
4347,58
4348,58
4349,58
4350,58
4351,58
4352,58
4353,58
4354,58
4355,58
4356,58
4357,58
4358,58
4359,58
4360,58
4361,58
4362,58
4363,58
4364,58
4365,58
4366,58
4367,58
4368,58
4369,58
4370,58
4371,58
4372,58
4373,58
4374,58
4375,58
4376,58
4377,58
4378,58
4379,58
4380,10
4381,58
4382,58
4383,58
4384,47
4385,58
4386,58
4387,10
4388,58
4389,58
4390,58
4391,10
4392,58
4393,58
4394,58
4395,58
4396,58
4397,58
4398,58
4399,58
4400,58
4401,58
4402,58
4403,58
4404,58
4405,58
4406,58
4407,58
4408,58
4409,58
4410,58
4411,58
4412,58
4413,47
4414,56
4415,58
4416,58
4417,58
4418,58
4419,58
4420,58
4421,58
4422,58
4423,58
4424,58
4425,58
4426,58
4427,58
4428,58
4429,58
4430,58
4431,58
4432,58
4433,58
4434,58
4435,58
4436,47
4437,58
4438,58
4439,58
4440,58
4441,58
4442,58
4443,58
4444,58
4445,58
4446,58
4447,58
4448,58
4449,58
4450,58
4451,10
4452,58
4453,58
4454,58
4455,58
4456,58
4457,58
4458,58
4459,58
4460,58
4461,47
4462,47
4463,58
4464,58
4465,58
4466,58
4467,58
4468,58
4469,58
4470,58
4471,47
4472,58
4473,58
4474,58
4475,58
4476,58
4477,58
4478,58
4479,58
4480,56
4481,58
4482,58
4483,58
4484,58
4485,58
4486,58
4487,58
4488,56
4489,47
4490,58
4491,58
4492,58
4493,58
4494,58
4495,58
4496,58
4497,58
4498,58
4499,58
4500,58
4501,58
4502,58
4503,58
4504,58
4505,58
4506,58
4507,47
4508,58
4509,58
4510,58
4511,58
4512,58
4513,58
4514,58
4515,58
4516,58
4517,58
4518,58
4519,58
4520,58
4521,58
4522,58
4523,58
4524,58
4525,58
4526,58
4527,58
4528,58
4529,58
4530,58
4531,58
4532,58
4533,58
4534,58
4535,58
4536,58
4537,58
4538,58
4539,58
4540,58
4541,58
4542,58
4543,58
4544,58
4545,58
4546,58
4547,58
4548,58
4549,58
4550,58
4551,58
4552,56
4553,58
4554,58
4555,58
4556,58
4557,58
4558,58
4559,58
4560,58
4561,58
4562,47
4563,58
4564,58
4565,58
4566,58
4567,58
4568,56
4569,58
4570,58
4571,58
4572,58
4573,58
4574,47
4575,58
4576,58
4577,58
4578,58
4579,58
4580,58
4581,58
4582,58
4583,58
4584,58
4585,58
4586,58
4587,47
4588,58
4589,58
4590,58
4591,58
4592,47
4593,58
4594,58
4595,58
4596,58
4597,58
4598,58
4599,58
4600,58
4601,58
4602,58
4603,58
4604,58
4605,58
4606,58
4607,58
4608,58
4609,58
4610,58
4611,58
4612,58
4613,58
4614,58
4615,58
4616,58
4617,58
4618,58
4619,58
4620,58
4621,58
4622,58
4623,58
4624,58
4625,58
4626,58
4627,58
4628,58
4629,58
4630,58
4631,58
4632,58
4633,58
4634,58
4635,58
4636,58
4637,58
4638,58
4639,58
4640,58
4641,58
4642,58
4643,58
4644,58
4645,58
4646,58
4647,58
4648,58
4649,58
4650,58
4651,58
4652,58
4653,58
4654,10
4655,58
4656,58
4657,58
4658,58
4659,58
4660,58
4661,58
4662,58
4663,58
4664,58
4665,58
4666,58
4667,58
4668,58
4669,58
4670,56
4671,58
4672,58
4673,58
4674,58
4675,58
4676,58
4677,58
4678,58
4679,58
4680,58
4681,58
4682,58
4683,58
4684,47
4685,58
4686,58
4687,10
4688,58
4689,58
4690,58
4691,58
4692,58
4693,58
4694,58
4695,58
4696,58
4697,3
4698,58
4699,58
4700,58
4701,58
4702,58
4703,58
4704,58
4705,58
4706,58
4707,58
4708,58
4709,58
4710,58
4711,58
4712,58
4713,58
4714,47
4715,58
4716,58
4717,58
4718,58
4719,58
4720,58
4721,58
4722,58
4723,58
4724,58
4725,58
4726,58
4727,58
4728,58
4729,58
4730,58
4731,58
4732,58
4733,58
4734,58
4735,58
4736,58
4737,58
4738,58
4739,58
4740,58
4741,58
4742,58
4743,58
4744,47
4745,58
4746,58
4747,58
4748,58
4749,58
4750,58
4751,58
4752,58
4753,58
4754,58
4755,58
4756,58
4757,58
4758,58
4759,58
4760,58
4761,58
4762,58
4763,58
4764,58
4765,47
4766,58
4767,58
4768,58
4769,58
4770,58
4771,58
4772,58
4773,58
4774,58
4775,58
4776,58
4777,58
4778,58
4779,58
4780,58
4781,58
4782,58
4783,58
4784,58
4785,58
4786,58
4787,58
4788,58
4789,58
4790,58
4791,58
4792,58
4793,58
4794,58
4795,58
4796,58
4797,58
4798,58
4799,58
4800,58
4801,58
4802,58
4803,58
4804,58
4805,58
4806,58
4807,58
4808,58
4809,58
4810,58
4811,58
4812,58
4813,58
4814,58
4815,58
4816,58
4817,58
4818,58
4819,47
4820,58
4821,58
4822,58
4823,58
4824,58
4825,58
4826,58
4827,58
4828,47
4829,58
4830,58
4831,58
4832,58
4833,58
4834,47
4835,58
4836,58
4837,58
4838,58
4839,58
4840,58
4841,58
4842,58
4843,58
4844,58
4845,58
4846,58
4847,58
4848,58
4849,58
4850,58
4851,58
4852,58
4853,58
4854,58
4855,58
4856,58
4857,58
4858,58
4859,58
4860,58
4861,58
4862,58
4863,58
4864,58
4865,58
4866,58
4867,58
4868,58
4869,58
4870,58
4871,58
4872,58
4873,58
4874,58
4875,58
4876,58
4877,58
4878,58
4879,58
4880,47
4881,58
4882,58
4883,58
4884,58
4885,58
4886,58
4887,58
4888,58
4889,58
4890,58
4891,58
4892,58
4893,58
4894,58
4895,58
4896,58
4897,58
4898,58
4899,58
4900,58
4901,58
4902,58
4903,58
4904,58
4905,58
4906,47
4907,58
4908,58
4909,58
4910,58
4911,58
4912,58
4913,58
4914,58
4915,58
4916,58
4917,58
4918,58
4919,58
4920,58
4921,58
4922,58
4923,58
4924,58
4925,58
4926,58
4927,58
4928,58
4929,58
4930,58
4931,58
4932,58
4933,58
4934,58
4935,58
4936,58
4937,58
4938,58
4939,58
4940,58
4941,58
4942,58
4943,58
4944,58
4945,58
4946,58
4947,58
4948,58
4949,58
4950,58
4951,58
4952,58
4953,58
4954,58
4955,58
4956,58
4957,58
4958,58
4959,58
4960,58
4961,58
4962,58
4963,58
4964,58
4965,58
4966,58
4967,58
4968,58
4969,58
4970,58
4971,58
4972,58
4973,58
4974,58
4975,58
4976,47
4977,58
4978,58
4979,58
4980,58
4981,58
4982,58
4983,58
4984,58
4985,58
4986,58
4987,58
4988,58
4989,58
4990,58
4991,58
4992,58
4993,58
4994,58
4995,58
4996,58
4997,58
4998,58
4999,58
5000,10
5001,58
5002,58
5003,58
5004,58
5005,58
5006,58
5007,58
5008,58
5009,58
5010,58
5011,58
5012,58
5013,58
5014,58
5015,58
5016,58
5017,58
5018,58
5019,58
5020,58
5021,58
5022,58
5023,58
5024,58
5025,58
5026,58
5027,58
5028,58
5029,58
5030,58
5031,58
5032,58
5033,58
5034,58
5035,58
5036,58
5037,58
5038,58
5039,47
5040,58
5041,47
5042,58
5043,58
5044,58
5045,58
5046,58
5047,58
5048,58
5049,58
5050,58
5051,58
5052,58
5053,58
5054,58
5055,58
5056,58
5057,58
5058,58
5059,58
5060,58
5061,58
5062,58
5063,58
5064,58
5065,58
5066,58
5067,58
5068,58
5069,58
5070,58
5071,58
5072,58
5073,58
5074,58
5075,58
5076,58
5077,58
5078,58
5079,58
5080,58
5081,58
5082,58
5083,58
5084,58
5085,58
5086,58
5087,58
5088,58
5089,58
5090,58
5091,58
5092,58
5093,58
5094,58
5095,58
5096,58
5097,58
5098,58
5099,58
5100,58
5101,58
5102,58
5103,58
5104,58
5105,58
5106,58
5107,58
5108,58
5109,58
5110,58
5111,58
5112,58
5113,58
5114,58
5115,58
5116,58
5117,58
5118,58
5119,58
5120,58
5121,10
5122,56
5123,58
5124,58
5125,58
5126,58
5127,58
5128,58
5129,58
5130,58
5131,58
5132,58
5133,58
5134,58
5135,58
5136,58
5137,58
5138,58
5139,58
5140,58
5141,58
5142,58
5143,58
5144,58
5145,58
5146,58
5147,58
5148,58
5149,58
5150,58
5151,58
5152,58
5153,58
5154,58
5155,58
5156,10
5157,56
5158,58
5159,47
5160,58
5161,58
5162,58
5163,58
5164,58
5165,58
5166,58
5167,58
5168,58
5169,58
5170,58
5171,58
5172,58
5173,58
5174,58
5175,58
5176,58
5177,58
5178,58
5179,58
5180,58
5181,58
5182,58
5183,58
5184,58
5185,47
5186,58
5187,58
5188,58
5189,58
5190,58
5191,58
5192,58
5193,47
5194,56
5195,58
5196,58
5197,58
5198,47
5199,58
5200,58
5201,58
5202,58
5203,58
5204,58
5205,58
5206,58
5207,58
5208,58
5209,58
5210,58
5211,58
5212,58
5213,58
5214,58
5215,58
5216,58
5217,58
5218,58
5219,58
5220,58
5221,58
5222,58
5223,58
5224,58
5225,58
5226,58
5227,58
5228,58
5229,58
5230,58
5231,58
5232,58
5233,58
5234,58
5235,58
5236,58
5237,58
5238,58
5239,58
5240,58
5241,58
5242,58
5243,58
5244,58
5245,58
5246,58
5247,58
5248,58
5249,58
5250,58
5251,58
5252,58
5253,58
5254,58
5255,58
5256,58
5257,58
5258,58
5259,58
5260,58
5261,58
5262,58
5263,58
5264,58
5265,58
5266,58
5267,58
5268,58
5269,58
5270,47
5271,58
5272,58
5273,58
5274,58
5275,58
5276,58
5277,58
5278,58
5279,58
5280,58
5281,58
5282,58
5283,58
5284,58
5285,58
5286,58
5287,58
5288,58
5289,58
5290,58
5291,58
5292,58
5293,58
5294,58
5295,58
5296,58
5297,58
5298,58
5299,58
5300,58
5301,58
5302,58
5303,58
5304,58
5305,58
5306,58
5307,58
5308,58
5309,58
5310,58
5311,58
5312,58
5313,58
5314,58
5315,58
5316,58
5317,58
5318,58
5319,58
5320,58
5321,58
5322,58
5323,58
5324,58
5325,58
5326,58
5327,47
5328,58
5329,58
5330,58
5331,58
5332,58
5333,58
5334,58
5335,58
5336,58
5337,58
5338,58
5339,47
5340,58
5341,58
5342,58
5343,58
5344,58
5345,58
5346,58
5347,58
5348,58
5349,58
5350,58
5351,58
5352,58
5353,56
5354,47
5355,58
5356,58
5357,58
5358,58
5359,58
5360,58
5361,47
5362,58
5363,58
5364,58
5365,58
5366,58
5367,58
5368,58
5369,58
5370,58
5371,58
5372,58
5373,58
5374,58
5375,58
5376,58
5377,47
5378,58
5379,58
5380,58
5381,58
5382,58
5383,58
5384,58
5385,58
5386,58
5387,58
5388,58
5389,58
5390,58
5391,58
5392,58
5393,58
5394,58
5395,58
5396,58
5397,47
5398,58
5399,58
5400,58
5401,58
5402,58
5403,58
5404,58
5405,58
5406,58
5407,58
5408,58
5409,58
5410,58
5411,58
5412,58
5413,58
5414,58
5415,58
5416,58
5417,58
5418,58
5419,58
5420,56
5421,58
5422,58
5423,58
5424,58
5425,58
5426,58
5427,58
5428,58
5429,58
5430,58
5431,58
5432,58
5433,58
5434,58
5435,58
5436,58
5437,58
5438,58
5439,58
5440,58
5441,58
5442,58
5443,58
5444,58
5445,58
5446,58
5447,58
5448,58
5449,58
5450,58
5451,58
5452,58
5453,58
5454,58
5455,58
5456,58
5457,58
5458,58
5459,58
5460,58
5461,58
5462,58
5463,58
5464,58
5465,58
5466,58
5467,58
5468,58
5469,58
5470,58
5471,58
5472,58
5473,58
5474,58
5475,58
5476,58
5477,58
5478,58
5479,58
5480,58
5481,58
5482,58
5483,47
5484,58
5485,58
5486,58
5487,58
5488,58
5489,58
5490,58
5491,58
5492,58
5493,58
5494,58
5495,58
5496,58
5497,58
5498,58
5499,58
5500,58
5501,56
5502,58
5503,47
5504,58
5505,58
5506,58
5507,58
5508,58
5509,58
5510,58
5511,58
5512,58
5513,58
5514,58
5515,58
5516,58
5517,58
5518,58
5519,58
5520,58
5521,58
5522,58
5523,58
5524,58
5525,58
5526,58
5527,58
5528,58
5529,58
5530,58
5531,58
5532,58
5533,58
5534,58
5535,58
5536,58
5537,58
5538,58
5539,58
5540,58
5541,58
5542,58
5543,58
5544,58
5545,58
5546,58
5547,58
5548,58
5549,58
5550,58
5551,58
5552,58
5553,58
5554,58
5555,58
5556,58
5557,58
5558,58
5559,58
5560,58
5561,58
5562,58
5563,47
5564,58
5565,58
5566,58
5567,58
5568,58
5569,58
5570,58
5571,58
5572,58
5573,58
5574,10
5575,58
5576,58
5577,58
5578,58
5579,58
5580,58
5581,58
5582,58
5583,58
5584,58
5585,58
5586,58
5587,58
5588,10
5589,58
5590,58
5591,58
5592,58
5593,58
5594,58
5595,58
5596,58
5597,58
5598,58
5599,58
5600,58
5601,58
5602,58
5603,58
5604,58
5605,58
5606,58
5607,58
5608,58
5609,58
5610,58
5611,58
5612,58
5613,58
5614,58
5615,58
5616,58
5617,56
5618,58
5619,58
5620,58
5621,58
5622,58
5623,47
5624,58
5625,58
5626,58
5627,58
5628,58
5629,58
5630,58
5631,58
5632,58
5633,58
5634,58
5635,58
5636,58
5637,58
5638,58
5639,58
5640,58
5641,58
5642,58
5643,58
5644,58
5645,58
5646,58
5647,58
5648,58
5649,58
5650,58
5651,58
5652,58
5653,58
5654,58
5655,58
5656,58
5657,58
5658,58
5659,58
5660,58
5661,58
5662,58
5663,47
5664,58
5665,58
5666,58
5667,58
5668,58
5669,58
5670,58
5671,58
5672,58
5673,47
5674,58
5675,10
5676,58
5677,58
5678,58
5679,58
5680,58
5681,58
5682,58
5683,58
5684,58
5685,58
5686,58
5687,58
5688,58
5689,58
5690,58
5691,58
5692,58
5693,58
5694,10
5695,58
5696,58
5697,47
5698,58
5699,58
5700,58
5701,58
5702,58
5703,58
5704,58
5705,58
5706,58
5707,58
5708,58
5709,3
5710,58
5711,58
5712,58
5713,58
5714,58
5715,58
5716,56
5717,58
5718,58
5719,58
5720,58
5721,58
5722,58
5723,58
5724,58
5725,58
5726,58
5727,58
5728,58
5729,58
5730,58
5731,58
5732,58
5733,58
5734,58
5735,58
5736,58
5737,58
5738,58
5739,47
5740,58
5741,58
5742,58
5743,58
5744,58
5745,47
5746,58
5747,58
5748,58
5749,58
5750,58
5751,58
5752,58
5753,58
5754,58
5755,58
5756,58
5757,58
5758,58
5759,58
5760,58
5761,58
5762,58
5763,58
5764,58
5765,58
5766,58
5767,58
5768,58
5769,10
5770,58
5771,58
5772,58
5773,58
5774,58
5775,58
5776,58
5777,58
5778,58
5779,58
5780,58
5781,58
5782,58
5783,58
5784,58
5785,58
5786,58
5787,58
5788,58
5789,58
5790,58
5791,58
5792,58
5793,58
5794,10
5795,58
5796,58
5797,58
5798,58
5799,58
5800,58
5801,58
5802,58
5803,58
5804,47
5805,58
5806,58
5807,47
5808,58
5809,58
5810,58
5811,58
5812,58
5813,58
5814,58
5815,58
5816,58
5817,58
5818,58
5819,58
5820,58
5821,58
5822,58
5823,58
5824,58
5825,58
5826,58
5827,58
5828,58
5829,58
5830,58
5831,58
5832,58
5833,58
5834,58
5835,58
5836,58
5837,58
5838,58
5839,58
5840,47
5841,58
5842,58
5843,58
5844,58
5845,58
5846,58
5847,58
5848,58
5849,58
5850,58
5851,58
5852,58
5853,58
5854,58
5855,58
5856,58
5857,58
5858,58
5859,58
5860,47
5861,58
5862,58
5863,58
5864,58
5865,58
5866,58
5867,58
5868,58
5869,10
5870,58
5871,47
5872,58
5873,58
5874,58
5875,58
5876,58
5877,58
5878,58
5879,58
5880,58
5881,58
5882,58
5883,58
5884,58
5885,58
5886,58
5887,58
5888,58
5889,58
5890,58
5891,3
5892,58
5893,58
5894,58
5895,58
5896,58
5897,58
5898,58
5899,58
5900,58
5901,58
5902,56
5903,58
5904,58
5905,58
5906,58
5907,58
5908,58
5909,58
5910,58
5911,58
5912,58
5913,58
5914,58
5915,58
5916,58
5917,58
5918,58
5919,58
5920,58
5921,58
5922,58
5923,58
5924,58
5925,58
5926,58
5927,58
5928,58
5929,58
5930,58
5931,58
5932,58
5933,47
5934,58
5935,47
5936,56
5937,58
5938,56
5939,58
5940,58
5941,58
5942,58
5943,58
5944,58
5945,58
5946,58
5947,58
5948,58
5949,58
5950,58
5951,58
5952,58
5953,58
5954,58
5955,58
5956,58
5957,58
5958,58
5959,58
5960,58
5961,58
5962,58
5963,58
5964,58
5965,58
5966,58
5967,58
5968,10
5969,58
5970,58
5971,10
5972,58
5973,58
5974,58
5975,58
5976,58
5977,58
5978,58
5979,58
5980,58
5981,58
5982,58
5983,58
5984,58
5985,58
5986,58
5987,58
5988,10
5989,58
5990,58
5991,47
5992,58
5993,58
5994,58
5995,58
5996,58
5997,58
5998,58
5999,58
6000,58
6001,58
6002,58
6003,58
6004,58
6005,58
6006,58
6007,56
6008,58
6009,58
6010,58
6011,58
6012,58
6013,58
6014,58
6015,58
6016,47
6017,58
6018,58
6019,58
6020,58
6021,58
6022,58
6023,58
6024,58
6025,58
6026,58
6027,58
6028,58
6029,58
6030,58
6031,58
6032,58
6033,58
6034,58
6035,58
6036,47
6037,58
6038,58
6039,58
6040,58
6041,58
6042,58
6043,58
6044,58
6045,58
6046,10
6047,58
6048,58
6049,58
6050,58
6051,58
6052,58
6053,58
6054,58
6055,58
6056,58
6057,58
6058,58
6059,58
6060,58
6061,58
6062,58
6063,58
6064,58
6065,58
6066,58
6067,58
6068,58
6069,58
6070,58
6071,58
6072,58
6073,58
6074,58
6075,58
6076,58
6077,58
6078,58
6079,58
6080,58
6081,58
6082,58
6083,58
6084,58
6085,58
6086,47
6087,58
6088,58
6089,58
6090,58
6091,58
6092,58
6093,58
6094,58
6095,58
6096,58
6097,58
6098,58
6099,58
6100,58
6101,58
6102,58
6103,58
6104,58
6105,58
6106,58
6107,58
6108,58
6109,58
6110,58
6111,58
6112,58
6113,47
6114,58
6115,58
6116,58
6117,47
6118,58
6119,58
6120,58
6121,58
6122,58
6123,58
6124,58
6125,58
6126,58
6127,58
6128,58
6129,58
6130,58
6131,58
6132,58
6133,58
6134,58
6135,58
6136,58
6137,58
6138,58
6139,58
6140,58
6141,58
6142,58
6143,58
6144,58
6145,58
6146,58
6147,58
6148,58
6149,58
6150,58
6151,58
6152,58
6153,58
6154,58
6155,47
6156,58
6157,47
6158,58
6159,58
6160,58
6161,58
6162,56
6163,58
6164,58
6165,58
6166,58
6167,58
6168,58
6169,58
6170,58
6171,58
6172,58
6173,58
6174,58
6175,58
6176,58
6177,58
6178,58
6179,58
6180,58
6181,58
6182,47
6183,58
6184,58
6185,58
6186,58
6187,58
6188,58
6189,58
6190,58
6191,58
6192,58
6193,58
6194,58
6195,58
6196,58
6197,58
6198,58
6199,58
6200,58
6201,58
6202,58
6203,58
6204,10
6205,58
6206,58
6207,58
6208,58
6209,58
6210,58
6211,58
6212,58
6213,58
6214,58
6215,58
6216,58
6217,58
6218,58
6219,58
6220,58
6221,58
6222,47
6223,58
6224,58
6225,58
6226,58
6227,47
6228,58
6229,58
6230,58
6231,58
6232,58
6233,58
6234,58
6235,58
6236,58
6237,58
6238,58
6239,58
6240,58
6241,58
6242,58
6243,58
6244,58
6245,58
6246,58
6247,58
6248,56
6249,58
6250,58
6251,58
6252,58
6253,58
6254,58
6255,58
6256,58
6257,58
6258,58
6259,58
6260,58
6261,58
6262,58
6263,58
6264,58
6265,58
6266,58
6267,58
6268,58
6269,58
6270,58
6271,58
6272,58
6273,58
6274,58
6275,47
6276,58
6277,58
6278,58
6279,58
6280,58
6281,58
6282,58
6283,58
6284,56
6285,58
6286,58
6287,58
6288,58
6289,58
6290,58
6291,58
6292,58
6293,58
6294,58
6295,58
6296,47
6297,58
6298,58
6299,58
6300,58
6301,58
6302,58
6303,58
6304,58
6305,58
6306,58
6307,47
6308,58
6309,58
6310,58
6311,58
6312,58
6313,58
6314,58
6315,58
6316,58
6317,58
6318,58
6319,58
6320,58
6321,47
6322,58
6323,58
6324,58
6325,58
6326,47
6327,58
6328,58
6329,58
6330,58
6331,58
6332,58
6333,58
6334,58
6335,58
6336,58
6337,58
6338,58
6339,58
6340,58
6341,58
6342,47
6343,58
6344,58
6345,58
6346,58
6347,58
6348,58
6349,58
6350,58
6351,58
6352,58
6353,58
6354,58
6355,58
6356,47
6357,58
6358,58
6359,58
6360,58
6361,58
6362,58
6363,58
6364,58
6365,58
6366,58
6367,58
6368,58
6369,58
6370,58
6371,58
6372,58
6373,58
6374,58
6375,58
6376,58
6377,58
6378,58
6379,58
6380,58
6381,58
6382,58
6383,58
6384,56
6385,58
6386,58
6387,58
6388,58
6389,58
6390,58
6391,58
6392,58
6393,58
6394,58
6395,58
6396,58
6397,58
6398,58
6399,58
6400,58
6401,58
6402,58
6403,58
6404,47
6405,58
6406,58
6407,58
6408,58
6409,58
6410,58
6411,58
6412,58
6413,58
6414,58
6415,58
6416,58
6417,58
6418,58
6419,58
6420,58
6421,58
6422,58
6423,58
6424,58
6425,58
6426,58
6427,58
6428,58
6429,58
6430,58
6431,58
6432,58
6433,58
6434,58
6435,58
6436,58
6437,58
6438,58
6439,58
6440,58
6441,58
6442,58
6443,58
6444,58
6445,58
6446,58
6447,58
6448,58
6449,58
6450,58
6451,58
6452,58
6453,58
6454,58
6455,58
6456,58
6457,58
6458,58
6459,58
6460,58
6461,58
6462,58
6463,58
6464,58
6465,58
6466,58
6467,58
6468,58
6469,58
6470,58
6471,58
6472,58
6473,58
6474,58
6475,58
6476,58
6477,58
6478,58
6479,58
6480,58
6481,58
6482,58
6483,58
6484,58
6485,58
6486,58
6487,58
6488,58
6489,58
6490,58
6491,58
6492,58
6493,58
6494,58
6495,58
6496,58
6497,58
6498,47
6499,58
6500,58
6501,58
6502,58
6503,58
6504,47
6505,58
6506,58
6507,58
6508,58
6509,58
6510,58
6511,58
6512,58
6513,58
6514,58
6515,58
6516,58
6517,58
6518,58
6519,58
6520,58
6521,58
6522,58
6523,47
6524,58
6525,58
6526,10
6527,58
6528,58
6529,58
6530,58
6531,58
6532,58
6533,58
6534,58
6535,58
6536,58
6537,58
6538,58
6539,58
6540,58
6541,58
6542,58
6543,58
6544,58
6545,58
6546,3
6547,58
6548,47
6549,58
6550,58
6551,58
6552,58
6553,58
6554,58
6555,58
6556,58
6557,47
6558,58
6559,58
6560,58
6561,58
6562,58
6563,58
6564,58
6565,58
6566,58
6567,58
6568,58
6569,47
6570,58
6571,58
6572,58
6573,58
6574,58
6575,58
6576,58
6577,58
6578,58
6579,58
6580,58
6581,58
6582,58
6583,58
6584,58
6585,58
6586,58
6587,58
6588,58
6589,58
6590,58
6591,58
6592,58
6593,58
6594,58
6595,58
6596,47
6597,47
6598,10
6599,58
6600,58
6601,58
6602,58
6603,58
6604,58
6605,58
6606,58
6607,58
6608,56
6609,58
6610,58
6611,58
6612,58
6613,58
6614,58
6615,58
6616,58
6617,58
6618,58
6619,3
6620,58
6621,58
6622,58
6623,58
6624,58
6625,58
6626,58
6627,58
6628,58
6629,58
6630,58
6631,58
6632,58
6633,58
6634,58
6635,47
6636,58
6637,58
6638,58
6639,58
6640,58
6641,58
6642,58
6643,58
6644,58
6645,58
6646,58
6647,58
6648,58
6649,58
6650,58
6651,58
6652,58
6653,58
6654,58
6655,10
6656,58
6657,58
6658,58
6659,58
6660,58
6661,3
6662,58
6663,58
6664,58
6665,3
6666,58
6667,58
6668,58
6669,58
6670,58
6671,58
6672,58
6673,58
6674,58
6675,58
6676,58
6677,58
6678,58
6679,47
6680,58
6681,47
6682,58
6683,56
6684,58
6685,58
6686,58
6687,58
6688,58
6689,58
6690,58
6691,58
6692,58
6693,58
6694,58
6695,58
6696,47
6697,58
6698,58
6699,58
6700,58
6701,58
6702,58
6703,58
6704,47
6705,58
6706,58
6707,58
6708,58
6709,58
6710,58
6711,58
6712,58
6713,58
6714,58
6715,58
6716,58
6717,58
6718,47
6719,58
6720,56
6721,58
6722,58
6723,58
6724,58
6725,58
6726,58
6727,58
6728,58
6729,58
6730,58
6731,58
6732,58
6733,58
6734,58
6735,58
6736,58
6737,58
6738,58
6739,58
6740,58
6741,58
6742,58
6743,58
6744,58
6745,58
6746,58
6747,58
6748,58
6749,58
6750,58
6751,58
6752,58
6753,58
6754,58
6755,58
6756,58
6757,58
6758,10
6759,58
6760,58
6761,58
6762,58
6763,58
6764,58
6765,58
6766,58
6767,58
6768,58
6769,58
6770,47
6771,58
6772,58
6773,58
6774,58
6775,58
6776,58
6777,58
6778,58
6779,58
6780,58
6781,58
6782,58
6783,58
6784,58
6785,58
6786,58
6787,58
6788,58
6789,58
6790,58
6791,58
6792,58
6793,58
6794,58
6795,58
6796,58
6797,56
6798,58
6799,58
6800,58
6801,58
6802,58
6803,58
6804,58
6805,58
6806,58
6807,58
6808,58
6809,58
6810,58
6811,47
6812,58
6813,58
6814,58
6815,56
6816,58
6817,58
6818,58
6819,58
6820,58
6821,58
6822,58
6823,58
6824,58
6825,58
6826,58
6827,58
6828,58
6829,58
6830,58
6831,47
6832,58
6833,58
6834,58
6835,58
6836,58
6837,58
6838,56
6839,58
6840,58
6841,58
6842,58
6843,58
6844,58
6845,58
6846,58
6847,58
6848,58
6849,58
6850,58
6851,58
6852,58
6853,58
6854,58
6855,58
6856,58
6857,58
6858,58
6859,58
6860,58
6861,58
6862,58
6863,58
6864,58
6865,58
6866,58
6867,58
6868,58
6869,58
6870,56
6871,58
6872,58
6873,58
6874,58
6875,58
6876,58
6877,58
6878,56
6879,58
6880,58
6881,58
6882,58
6883,58
6884,58
6885,58
6886,58
6887,58
6888,58
6889,58
6890,58
6891,58
6892,58
6893,58
6894,58
6895,58
6896,58
6897,58
6898,58
6899,58
6900,58
6901,58
6902,58
6903,58
6904,58
6905,58
6906,58
6907,58
6908,47
6909,58
6910,58
6911,58
6912,58
6913,58
6914,58
6915,58
6916,47
6917,58
6918,58
6919,58
6920,58
6921,58
6922,58
6923,58
6924,58
6925,47
6926,58
6927,58
6928,58
6929,58
6930,58
6931,58
6932,58
6933,58
6934,58
6935,58
6936,58
6937,58
6938,47
6939,58
6940,58
6941,58
6942,58
6943,58
6944,58
6945,58
6946,58
6947,58
6948,58
6949,58
6950,58
6951,58
6952,58
6953,58
6954,58
6955,58
6956,58
6957,58
6958,58
6959,58
6960,58
6961,58
6962,58
6963,58
6964,58
6965,58
6966,58
6967,58
6968,58
6969,58
6970,58
6971,58
6972,58
6973,58
6974,58
6975,58
6976,58
6977,58
6978,58
6979,47
6980,58
6981,58
6982,58
6983,47
6984,47
6985,58
6986,58
6987,58
6988,58
6989,58
6990,58
6991,58
6992,58
6993,58
6994,58
6995,58
6996,58
6997,58
6998,58
6999,58
7000,58
7001,58
7002,58
7003,58
7004,58
7005,47
7006,58
7007,47
7008,58
7009,58
7010,58
7011,58
7012,58
7013,58
7014,58
7015,58
7016,58
7017,58
7018,58
7019,58
7020,58
7021,58
7022,58
7023,58
7024,58
7025,58
7026,58
7027,58
7028,58
7029,58
7030,58
7031,58
7032,58
7033,58
7034,58
7035,58
7036,58
7037,10
7038,47
7039,58
7040,58
7041,58
7042,58
7043,58
7044,58
7045,58
7046,58
7047,58
7048,58
7049,58
7050,58
7051,10
7052,58
7053,58
7054,58
7055,58
7056,58
7057,58
7058,58
7059,58
7060,58
7061,58
7062,58
7063,58
7064,58
7065,58
7066,58
7067,58
7068,58
7069,58
7070,58
7071,58
7072,58
7073,58
7074,58
7075,58
7076,58
7077,58
7078,58
7079,58
7080,58
7081,58
7082,58
7083,58
7084,58
7085,58
7086,47
7087,58
7088,58
7089,58
7090,58
7091,58
7092,47
7093,58
7094,58
7095,58
7096,58
7097,58
7098,58
7099,58
7100,58
7101,58
7102,58
7103,58
7104,58
7105,58
7106,58
7107,58
7108,58
7109,58
7110,58
7111,58
7112,58
7113,58
7114,58
7115,58
7116,58
7117,58
7118,58
7119,58
7120,58
7121,58
7122,58
7123,58
7124,58
7125,58
7126,58
7127,58
7128,58
7129,47
7130,58
7131,58
7132,58
7133,58
7134,58
7135,58
7136,58
7137,58
7138,58
7139,58
7140,58
7141,58
7142,58
7143,58
7144,58
7145,58
7146,58
7147,58
7148,58
7149,58
7150,58
7151,58
7152,58
7153,58
7154,58
7155,58
7156,58
7157,58
7158,58
7159,58
7160,58
7161,58
7162,58
7163,58
7164,58
7165,58
7166,58
7167,58
7168,58
7169,58
7170,58
7171,58
7172,58
7173,58
7174,58
7175,58
7176,58
7177,47
7178,58
7179,58
7180,47
7181,58
7182,58
7183,58
7184,58
7185,58
7186,58
7187,58
7188,58
7189,58
7190,58
7191,58
7192,58
7193,47
7194,58
7195,58
7196,58
7197,58
7198,58
7199,58
7200,58
7201,58
7202,58
7203,47
7204,58
7205,58
7206,58
7207,58
7208,58
7209,58
7210,58
7211,58
7212,58
7213,58
7214,58
7215,58
7216,58
7217,58
7218,58
7219,58
7220,58
7221,58
7222,58
7223,58
7224,58
7225,58
7226,58
7227,58
7228,58
7229,58
7230,58
7231,58
7232,58
7233,58
7234,58
7235,58
7236,58
7237,58
7238,58
7239,58
7240,58
7241,58
7242,58
7243,58
7244,58
7245,58
7246,58
7247,58
7248,58
7249,58
7250,58
7251,58
7252,58
7253,58
7254,58
7255,58
7256,58
7257,58
7258,58
7259,58
7260,58
7261,58
7262,58
7263,58
7264,58
7265,58
7266,58
7267,58
7268,58
7269,58
7270,58
7271,58
7272,58
7273,58
7274,58
7275,58
7276,58
7277,58
7278,58
7279,58
7280,58
7281,58
7282,58
7283,58
7284,58
7285,58
7286,58
7287,58
7288,58
7289,58
7290,58
7291,58
7292,58
7293,58
7294,58
7295,58
7296,58
7297,58
7298,58
7299,58
7300,58
7301,58
7302,58
7303,58
7304,58
7305,58
7306,58
7307,58
7308,10
7309,58
7310,58
7311,58
7312,47
7313,58
7314,58
7315,58
7316,58
7317,58
7318,58
7319,58
7320,58
7321,58
7322,58
7323,58
7324,58
7325,58
7326,3
7327,58
7328,58
7329,58
7330,58
7331,58
7332,58
7333,58
7334,58
7335,58
7336,58
7337,58
7338,58
7339,58
7340,58
7341,58
7342,58
7343,47
7344,58
7345,58
7346,58
7347,58
7348,58
7349,58
7350,58
7351,10
7352,58
7353,58
7354,58
7355,58
7356,58
7357,58
7358,58
7359,58
7360,58
7361,58
7362,47
7363,58
7364,58
7365,58
7366,58
7367,58
7368,58
7369,58
7370,58
7371,58
7372,58
7373,58
7374,58
7375,58
7376,58
7377,58
7378,58
7379,58
7380,58
7381,58
7382,58
7383,58
7384,58
7385,47
7386,58
7387,47
7388,58
7389,58
7390,58
7391,58
7392,58
7393,58
7394,58
7395,58
7396,58
7397,58
7398,58
7399,58
7400,58
7401,47
7402,58
7403,58
7404,58
7405,58
7406,58
7407,58
7408,58
7409,58
7410,58
7411,58
7412,10
7413,58
7414,47
7415,58
7416,58
7417,58
7418,47
7419,58
7420,58
7421,58
7422,58
7423,58
7424,47
7425,58
7426,58
7427,58
7428,58
7429,58
7430,58
7431,58
7432,58
7433,58
7434,58
7435,58
7436,58
7437,58
7438,58
7439,58
7440,58
7441,58
7442,58
7443,58
7444,58
7445,58
7446,58
7447,58
7448,58
7449,58
7450,58
7451,58
7452,58
7453,58
7454,58
7455,58
7456,58
7457,58
7458,58
7459,58
7460,58
7461,58
7462,58
7463,58
7464,58
7465,58
7466,58
7467,58
7468,58
7469,58
7470,47
7471,58
7472,58
7473,58
7474,58
7475,58
7476,58
7477,58
7478,58
7479,58
7480,58
7481,58
7482,58
7483,58
7484,58
7485,58
7486,58
7487,58
7488,58
7489,58
7490,58
7491,58
7492,47
7493,58
7494,58
7495,58
7496,58
7497,58
7498,58
7499,58
7500,58
7501,58
7502,58
7503,58
7504,58
7505,58
7506,58
7507,58
7508,58
7509,58
7510,58
7511,58
7512,58
7513,58
7514,58
7515,58
7516,58
7517,58
7518,58
7519,58
7520,58
7521,47
7522,58
7523,58
7524,58
7525,58
7526,58
7527,58
7528,58
7529,58
7530,58
7531,58
7532,58
7533,58
7534,58
7535,58
7536,58
7537,58
7538,58
7539,58
7540,58
7541,58
7542,58
7543,58
7544,58
7545,47
7546,58
7547,58
7548,58
7549,58
7550,58
7551,58
7552,58
7553,58
7554,58
7555,58
7556,58
7557,58
7558,58
7559,58
7560,58
7561,58
7562,58
7563,58
7564,58
7565,58
7566,10
7567,58
7568,58
7569,58
7570,58
7571,58
7572,58
7573,58
7574,58
7575,58
7576,58
7577,58
7578,58
7579,58
7580,58
7581,58
7582,58
7583,58
7584,58
7585,58
7586,47
7587,58
7588,58
7589,58
7590,58
7591,58
7592,58
7593,58
7594,58
7595,58
7596,58
7597,58
7598,58
7599,58
7600,58
7601,58
7602,58
7603,58
7604,58
7605,58
7606,58
7607,58
7608,58
7609,58
7610,58
7611,58
7612,58
7613,58
7614,47
7615,58
7616,58
7617,58
7618,47
7619,58
7620,58
7621,58
7622,58
7623,58
7624,58
7625,56
7626,58
7627,58
7628,58
7629,58
7630,58
7631,58
7632,58
7633,58
7634,58
7635,58
7636,58
7637,10
7638,47
7639,58
7640,58
7641,58
7642,58
7643,58
7644,58
7645,58
7646,58
7647,58
7648,58
7649,58
7650,58
7651,47
7652,58
7653,58
7654,58
7655,58
7656,58
7657,58
7658,58
7659,58
7660,58
7661,58
7662,58
7663,58
7664,58
7665,58
7666,58
7667,58
7668,58
7669,58
7670,58
7671,58
7672,58
7673,58
7674,58
7675,58
7676,58
7677,58
7678,58
7679,58
7680,58
7681,56
7682,58
7683,58
7684,58
7685,58
7686,58
7687,58
7688,58
7689,47
7690,58
7691,58
7692,58
7693,58
7694,58
7695,58
7696,58
7697,58
7698,58
7699,58
7700,58
7701,58
7702,58
7703,58
7704,58
7705,58
7706,58
7707,58
7708,58
7709,58
7710,58
7711,58
7712,58
7713,58
7714,58
7715,58
7716,58
7717,58
7718,58
7719,58
7720,58
7721,58
7722,58
7723,58
7724,58
7725,58
7726,58
7727,58
7728,58
7729,58
7730,58
7731,58
7732,58
7733,58
7734,58
7735,58
7736,58
7737,58
7738,58
7739,58
7740,47
7741,47
7742,58
7743,58
7744,58
7745,58
7746,58
7747,58
7748,58
7749,58
7750,58
7751,58
7752,58
7753,58
7754,58
7755,58
7756,58
7757,58
7758,58
7759,58
7760,58
7761,58
7762,58
7763,58
7764,58
7765,58
7766,58
7767,58
7768,58
7769,58
7770,58
7771,58
7772,47
7773,58
7774,58
7775,58
7776,58
7777,58
7778,58
7779,58
7780,58
7781,58
7782,58
7783,58
7784,58
7785,58
7786,58
7787,58
7788,58
7789,58
7790,58
7791,58
7792,58
7793,58
7794,58
7795,58
7796,58
7797,58
7798,58
7799,58
7800,58
7801,58
7802,58
7803,58
7804,58
7805,58
7806,58
7807,58
7808,58
7809,58
7810,58
7811,10
7812,58
7813,58
7814,58
7815,58
7816,58
7817,58
7818,58
7819,58
7820,58
7821,58
7822,58
7823,58
7824,58
7825,58
7826,58
7827,58
7828,58
7829,58
7830,58
7831,58
7832,58
7833,58
7834,58
7835,58
7836,58
7837,56
7838,58
7839,58
7840,58
7841,58
7842,58
7843,58
7844,58
7845,58
7846,58
7847,58
7848,58
7849,58
7850,58
7851,58
7852,58
7853,58
7854,58
7855,58
7856,58
7857,58
7858,58
7859,58
7860,58
7861,58
7862,58
7863,58
7864,58
7865,58
7866,58
7867,58
7868,58
7869,58
7870,58
7871,58
7872,58
7873,58
7874,58
7875,58
7876,58
7877,58
7878,58
7879,58
7880,10
7881,58
7882,58
7883,58
7884,58
7885,58
7886,58
7887,58
7888,58
7889,58
7890,58
7891,58
7892,58
7893,58
7894,58
7895,58
7896,47
7897,58
7898,58
7899,58
7900,58
7901,58
7902,58
7903,58
7904,58
7905,58
7906,58
7907,58
7908,58
7909,47
7910,58
7911,58
7912,58
7913,58
7914,58
7915,58
7916,58
7917,58
7918,58
7919,58
7920,58
7921,58
7922,58
7923,58
7924,58
7925,58
7926,58
7927,58
7928,58
7929,58
7930,58
7931,58
7932,58
7933,58
7934,58
7935,58
7936,58
7937,58
7938,58
7939,58
7940,58
7941,58
7942,58
7943,58
7944,58
7945,58
7946,58
7947,58
7948,47
7949,58
7950,58
7951,58
7952,58
7953,58
7954,58
7955,58
7956,58
7957,58
7958,58
7959,58
7960,58
7961,58
7962,58
7963,58
7964,58
7965,58
7966,58
7967,58
7968,58
7969,58
7970,58
7971,47
7972,58
7973,58
7974,58
7975,58
7976,58
7977,58
7978,58
7979,58
7980,58
7981,58
7982,58
7983,58
7984,58
7985,58
7986,58
7987,58
7988,58
7989,58
7990,58
7991,58
7992,58
7993,58
7994,58
7995,47
7996,58
7997,58
7998,58
7999,58
8000,58
8001,58
8002,58
8003,58
8004,58
8005,58
8006,58
8007,47
8008,58
8009,58
8010,58
8011,58
8012,58
8013,58
8014,10
8015,58
8016,58
8017,58
8018,58
8019,58
8020,58
8021,58
8022,58
8023,58
8024,58
8025,58
8026,58
8027,58
8028,58
8029,58
8030,58
8031,58
8032,58
8033,58
8034,58
8035,58
8036,58
8037,58
8038,58
8039,58
8040,58
8041,58
8042,58
8043,58
8044,58
8045,58
8046,58
8047,58
8048,47
8049,58
8050,58
8051,58
8052,58
8053,58
8054,58
8055,58
8056,58
8057,58
8058,58
8059,58
8060,58
8061,58
8062,58
8063,58
8064,58
8065,58
8066,58
8067,58
8068,58
8069,58
8070,58
8071,58
8072,58
8073,58
8074,58
8075,58
8076,58
8077,58
8078,58
8079,58
8080,58
8081,58
8082,58
8083,58
8084,58
8085,58
8086,58
8087,58
8088,58
8089,58
8090,58
8091,58
8092,58
8093,58
8094,58
8095,58
8096,58
8097,58
8098,58
8099,58
8100,58
8101,58
8102,58
8103,58
8104,58
8105,58
8106,58
8107,58
8108,58
8109,58
8110,58
8111,58
8112,58
8113,47
8114,58
8115,58
8116,58
8117,58
8118,58
8119,58
8120,58
8121,58
8122,58
8123,58
8124,58
8125,58
8126,58
8127,58
8128,58
8129,58
8130,58
8131,58
8132,58
8133,58
8134,58
8135,58
8136,58
8137,58
8138,58
8139,58
8140,58
8141,58
8142,58
8143,58
8144,58
8145,58
8146,58
8147,58
8148,58
8149,58
8150,58
8151,58
8152,58
8153,47
8154,58
8155,58
8156,58
8157,58
8158,58
8159,58
8160,58
8161,58
8162,58
8163,47
8164,58
8165,58
8166,58
8167,58
8168,58
8169,58
8170,58
8171,58
8172,58
8173,58
8174,58
8175,58
8176,58
8177,58
8178,58
8179,58
8180,47
8181,58
8182,47
8183,58
8184,58
8185,58
8186,58
8187,58
8188,58
8189,58
8190,58
8191,58
8192,58
8193,10
8194,58
8195,58
8196,58
8197,58
8198,58
8199,58
8200,58
8201,58
8202,58
8203,58
8204,58
8205,58
8206,58
8207,58
8208,58
8209,58
8210,10
8211,58
8212,58
8213,58
8214,58
8215,58
8216,58
8217,58
8218,58
8219,58
8220,58
8221,58
8222,58
8223,58
8224,56
8225,47
8226,58
8227,58
8228,58
8229,58
8230,58
8231,58
8232,58
8233,58
8234,58
8235,58
8236,58
8237,58
8238,58
8239,58
8240,58
8241,58
8242,58
8243,47
8244,58
8245,47
8246,58
8247,58
8248,58
8249,58
8250,58
8251,58
8252,58
8253,58
8254,58
8255,58
8256,58
8257,58
8258,58
8259,58
8260,58
8261,58
8262,58
8263,58
8264,47
8265,58
8266,58
8267,58
8268,58
8269,58
8270,58
8271,58
8272,47
8273,58
8274,58
8275,58
8276,58
8277,58
8278,58
8279,58
8280,58
8281,58
8282,58
8283,58
8284,58
8285,58
8286,58
8287,58
8288,47
8289,58
8290,58
8291,58
8292,58
8293,58
8294,58
8295,58
8296,58
8297,58
8298,58
8299,47
8300,58
8301,58
8302,58
8303,47
8304,58
8305,58
8306,58
8307,58
8308,58
8309,58
8310,58
8311,58
8312,58
8313,58
8314,58
8315,58
8316,10
8317,58
8318,58
8319,58
8320,58
8321,58
8322,58
8323,56
8324,58
8325,58
8326,58
8327,58
8328,58
8329,58
8330,58
8331,58
8332,58
8333,58
8334,58
8335,58
8336,58
8337,58
8338,58
8339,58
8340,58
8341,58
8342,58
8343,58
8344,58
8345,58
8346,58
8347,58
8348,58
8349,58
8350,58
8351,58
8352,58
8353,58
8354,58
8355,58
8356,47
8357,58
8358,58
8359,58
8360,58
8361,58
8362,58
8363,58
8364,58
8365,58
8366,58
8367,58
8368,58
8369,58
8370,58
8371,58
8372,58
8373,58
8374,58
8375,58
8376,58
8377,58
8378,58
8379,58
8380,58
8381,58
8382,58
8383,58
8384,58
8385,58
8386,58
8387,58
8388,47
8389,47
8390,58
8391,58
8392,58
8393,58
8394,58
8395,58
8396,58
8397,58
8398,58
8399,58
8400,58
8401,58
8402,58
8403,58
8404,47
8405,58
8406,58
8407,58
8408,58
8409,58
8410,58
8411,58
8412,58
8413,58
8414,58
8415,58
8416,58
8417,58
8418,58
8419,58
8420,47
8421,58
8422,58
8423,58
8424,58
8425,58
8426,58
8427,58
8428,58
8429,58
8430,58
8431,58
8432,58
8433,58
8434,58
8435,58
8436,58
8437,58
8438,58
8439,58
8440,58
8441,58
8442,47
8443,58
8444,58
8445,58
8446,58
8447,58
8448,58
8449,58
8450,58
8451,58
8452,58
8453,58
8454,58
8455,58
8456,58
8457,58
8458,58
8459,58
8460,58
8461,58
8462,58
8463,58
8464,58
8465,58
8466,58
8467,58
8468,58
8469,3
8470,58
8471,58
8472,3
8473,58
8474,58
8475,58
8476,58
8477,58
8478,58
8479,58
8480,58
8481,47
8482,58
8483,58
8484,58
8485,58
8486,58
8487,58
8488,58
8489,58
8490,58
8491,58
8492,10
8493,58
8494,58
8495,58
8496,58
8497,58
8498,58
8499,58
8500,58
8501,58
8502,58
8503,58
8504,58
8505,47
8506,58
8507,58
8508,58
8509,58
8510,58
8511,58
8512,58
8513,58
8514,58
8515,58
8516,56
8517,58
8518,58
8519,58
8520,58
8521,58
8522,58
8523,58
8524,58
8525,58
8526,58
8527,10
8528,58
8529,58
8530,58
8531,58
8532,58
8533,58
8534,58
8535,58
8536,58
8537,58
8538,58
8539,58
8540,58
8541,58
8542,58
8543,58
8544,58
8545,58
8546,58
8547,58
8548,58
